<?xml version="1.0.1" encoding="UTF-8" standalone="yes"?>
<addon id="repository.rebel" name="Rebel Sports and Entertainment Repository" version="1.2" provider-name="The Rebels">
	<extension point="xbmc.addon.repository" name="Rebel Sports and Entertainment Repository">
		<info compressed="false">https://raw.githubusercontent.com/therebel252/rebel/master/addons.xml</info>
		<checksum>https://raw.githubusercontent.com/therebel252/rebel/master/addons.xml.md5</checksum>
		<datadir zip="true">https://raw.githubusercontent.com/therebel252/rebel/master/zips</datadir>
	</extension>
	<extension point="xbmc.addon.metadata">
		<summary></summary>
		<description></description>
		<platform>all</platform>
	</extension>
</addon>

