<?xml version="1.0" encoding="UTF-8" standalone="yes"?>
<addon id="plugin.video.rebel" name="Rebel Sports" version="1.4" provider-name="Rebel">
  <requires>
    <import addon="xbmc.python" version="2.1.0"/>
	<import addon="script.module.addon.common" />
  </requires>
  <extension point="xbmc.python.pluginsource" library="init.py">
        <provides>video</provides>
  </extension>
  <extension point="xbmc.addon.metadata">
    <summary lang="en"></summary>
	<website>http://rebelsports.me</website>
    <platform>all</platform>
  </extension>
</addon>